{
    "loss": 3.5392937660217285,
    "accuracy": 0.7707294821739197
}