{
    "loss": 15.127020835876465,
    "accuracy": 0.6959673762321472
}